"archive_entry","repository_path","sha256"
"fifo share/sync_fifo_reports/sync_fifo_all_hold_violations.rpt","results/reports/manual_rtl/sync_fifo_all_hold_violations.rpt","2A1913FE4F5722A9C263F6CECA17AEE93674D9AFC91E1E39E1659074B24B2D00"
"fifo share/sync_fifo_reports/sync_fifo_check_timing.rpt","results/reports/manual_rtl/sync_fifo_check_timing.rpt","63700561899D9B50350BA433C64674C361A6180AFECAB6256FAC92593BB181E5"
"fifo share/sync_fifo_reports/sync_fifo_units.rpt","results/reports/manual_rtl/sync_fifo_units.rpt","3C230E76F9F2CC49D2149739F86BBB86EDCDCFD6E91A57DCBCED561DF9AD5BB4"
"fifo share/sync_fifo_reports/sync_fifo_activity.rpt","results/reports/manual_rtl/sync_fifo_activity.rpt","DFED6637EBEF998CDB1B947AC25C868DC4EE94BBC068740731700EF3C0F360B1"
"fifo share/sync_fifo_reports/sync_fifo_setup.rpt","results/reports/manual_rtl/sync_fifo_setup.rpt","4F4D2B7F28E5E5F8364302AC5C3B426980148A6DCB8463D2E9802C82CA58302F"
"fifo share/sync_fifo_reports/sync_fifo_hold.rpt","results/reports/manual_rtl/sync_fifo_hold.rpt","2747BEB737F3C31B4AEB46709F672F027324718C6A449208A71414236D148F55"
"fifo share/sync_fifo_reports/sync_fifo_check_power.rpt","results/reports/manual_rtl/sync_fifo_check_power.rpt","F72700393B575756E4ABB4A81480D3099C48609DDA912D1037C7A61DC3F56858"
"fifo share/sync_fifo_reports/sync_fifo_power.rpt","results/reports/manual_rtl/sync_fifo_power.rpt","0783BA8CDD8E74A201345474FE9B7016127F46C2E9D0760346F20B1DDAFD5A27"
"fifo share/sync_fifo_reports/sync_fifo_power_verbose.rpt","results/reports/manual_rtl/sync_fifo_power_verbose.rpt","C12199CEBB1A57779ECEBC4D065018887D50F6866E485EE54EC3AB003502A573"
"fifo share/sync_fifo.sv","rtl/sync_fifo.sv","98A35049D2EBA61AD8E2B9DAAF685B33484A107E38B70BD5B66AC370FEB65EAB"
"fifo share/synthesize_sync_fifo.tcl","scripts/synthesize_sync_fifo.tcl","FEA7F7F3A0A73D183D0AAF2707CD420CE8F943AEC2902AE9163402798638DE07"
"fifo share/synthesize_sync_fifo_ungated.tcl","scripts/synthesize_sync_fifo_ungated.tcl","363F6E1DE0B3F6CAC0DB3320C972700A445E406894B155D22CE5D7AE9017DACF"
"fifo share/primetime_sync_fifo.tcl","scripts/primetime_sync_fifo.tcl","0B631D2850EE76D7BD318C7D26A505865BFEDD9A7F3099BF35F1435039640648"
"fifo share/primetime_sync_fifo_ungated.tcl","scripts/primetime_sync_fifo_ungated.tcl","204816726DD0D28545729F8614AB2E77DA65523CE8463B6BEB6C766A4D8F35FA"
"fifo share/sync_fifo_gated.sdc","netlist/sync_fifo_gated.sdc","7495DCCDCB9DC3DA625555E7F123885CBB6B651F1D108048A2D46B2A600D471B"
"fifo share/sync_fifo_ungated.sdc","netlist/sync_fifo_ungated.sdc","8D1089A0DF9EC6AAAD772A2FD053443F473484C83A78BC6694D01FA48CA5ED1C"
"fifo share/run_sync_fifo.do","run_sync_fifo.do","75DBC25CE7CCDDA8711A60520412A618A0D412EDC2727B3EFFC386D1EF9133DE"
"fifo share/sync_fifo_ungated/sync_fifo_check_timing.rpt","results/reports/ungated/sync_fifo_check_timing.rpt","146745A677987FDF84845134F34FE6F3C678768639970B0A2F8C5D886DC2D112"
"fifo share/sync_fifo_ungated/sync_fifo_units.rpt","results/reports/ungated/sync_fifo_units.rpt","6CAD85491B8D54F222C80D2A67594B6048CFDED09124E6B02755D445088F78B9"
"fifo share/sync_fifo_ungated/sync_fifo_activity.rpt","results/reports/ungated/sync_fifo_activity.rpt","35B12B974291456719177C256C662FAFE3A9BFBACCB2BD335533B84DAFF61084"
"fifo share/sync_fifo_ungated/sync_fifo_setup.rpt","results/reports/ungated/sync_fifo_setup.rpt","0E68466EAE4202E7F0CCB5356713624A7D06D63619BF89547392AF96165CCCC6"
"fifo share/sync_fifo_ungated/sync_fifo_hold.rpt","results/reports/ungated/sync_fifo_hold.rpt","0F074DED91F8EBA6018D60FAC0F93ACDD63842F17F852DFCD0C22844EC788F1F"
"fifo share/sync_fifo_ungated/sync_fifo_check_power.rpt","results/reports/ungated/sync_fifo_check_power.rpt","54D9F65D775838235909057236A758675B093E0D50C98993C5D26E292C96B8DE"
"fifo share/sync_fifo_ungated/sync_fifo_power.rpt","results/reports/ungated/sync_fifo_power.rpt","C89E48B5ED3734DD2589DC46BF9FC679D94F7E8B43FFCEDFB0826DCA3872BA29"
"fifo share/sync_fifo_ungated/sync_fifo_power_verbose.rpt","results/reports/ungated/sync_fifo_power_verbose.rpt","E89198F0BCF293B5E1FAB3CFAED9B7DF2E9AD44FAF5287C60432F16B6FF130AC"
"fifo share/sync_fifo_ungated/sync_fifo_all_hold_violations.rpt","results/reports/ungated/sync_fifo_all_hold_violations.rpt","B8A26C1E809D616C24943A027E90C54C4CC5104289C954DACA5DBD4C4EAA1CA8"
"fifo share/sync_fifo_icg/sync_fifo_setup.rpt","results/reports/icg/sync_fifo_setup.rpt","4253582FB967573BFF0F65505CDD216C395E77B724F41CFFCC926C42AB36CEE2"
"fifo share/sync_fifo_icg/sync_fifo_hold.rpt","results/reports/icg/sync_fifo_hold.rpt","05E0C9BB01C7225C4669208986B79FCD776B3D74AF15AAC02779A2F545BA1A5D"
"fifo share/sync_fifo_icg/sync_fifo_check_power.rpt","results/reports/icg/sync_fifo_check_power.rpt","843377307AC8EB8C03DB7C3E8D840C448719CDEA9EE28FA69984BD6FAF99FF39"
"fifo share/sync_fifo_icg/sync_fifo_power_verbose.rpt","results/reports/icg/sync_fifo_power_verbose.rpt","222F7B78D056E0044BD04FFCCDFA9D741B3DF04135200EA941552EECD105237C"
"fifo share/sync_fifo_icg/sync_fifo_all_hold_violations.rpt","results/reports/icg/sync_fifo_all_hold_violations.rpt","19375EEE4D2B30C5FE51C6FBCA8B5EF31B5ED2B62E1863BE5A9FD999F092E9AC"
"fifo share/sync_fifo_icg/sync_fifo_power.rpt","results/reports/icg/sync_fifo_power.rpt","F1E4A5EA3867F0344E423F22ED5622E258F47ED49383256BDAD5C60721BE79FC"
"fifo share/sync_fifo_icg/sync_fifo_activity.rpt","results/reports/icg/sync_fifo_activity.rpt","FDDD2F77F4196E659F6876E6246F571DC561C6D84FBF831C9ABD9C5B71D9AC04"
"fifo share/sync_fifo_icg/sync_fifo_check_timing.rpt","results/reports/icg/sync_fifo_check_timing.rpt","146745A677987FDF84845134F34FE6F3C678768639970B0A2F8C5D886DC2D112"
"fifo share/sync_fifo_icg/sync_fifo_units.rpt","results/reports/icg/sync_fifo_units.rpt","72BDD707855E8DCCFC953D8022548CD670B8E25FF4B9917CB72260CBFC81485A"
